{
  "id": "vaesen-pt-br",
  "title": "Vaesen - Tradução pt-br",
  "description": "Modulo de tradução do sistema Vaesen",
  "authors": [
    {
      "name": "Mike de Sousa",
      "Discord": "Mike d'Sousa#7109"
    }
  ],
  "version": "1.0.0",
  "compatibility": {
    "minimum": "9",
    "verified": "10.291",
    "maximum": "10"
    },

      "languages": [
        {
          "lang": "pt-BR",
          "name": "Português (Brasil)",
          "path": "lang/pt-br.json",
          "flags": {}
        }
    ],

    "url": "https://github.com/mikedsousa/vaesen-pt-br",
    "manifest": "https://raw.githubusercontent.com/mikedsousa/vaesen-pt-br/main/vaesen-pt-br/module.json",
    "download": "https://mega.nz/folder/0LUzTaoR#W0NOBPgkQEToKh_EKm7M4Q"


}